{"cameraMode":{"drawMode":0,"name":"Shaded","section":"Shading Mode"},"sceneLighting":true,"audioPlay":false,"sceneViewState":{"m_AlwaysRefresh":false,"showFog":true,"showSkybox":true,"showFlares":true,"showImageEffects":true,"showParticleSystems":true,"showVisualEffectGraphs":true,"m_FxEnabled":true},"in2DMode":false,"pivot":{"x":2.188176155090332,"y":0.006687908433377743,"z":4.718763828277588},"rotation":{"x":0.27787819504737856,"y":-0.3975902795791626,"z":0.12770994007587434,"w":0.865098774433136},"size":0.024830864742398263,"orthographic":true}