{"cameraMode":{"drawMode":0,"name":"Shaded","section":"Shading Mode"},"sceneLighting":true,"audioPlay":false,"sceneViewState":{"m_AlwaysRefresh":false,"showFog":true,"showSkybox":true,"showFlares":true,"showImageEffects":true,"showParticleSystems":true,"showVisualEffectGraphs":true,"m_FxEnabled":true},"in2DMode":false,"pivot":{"x":2.1006340980529787,"y":0.8271163702011108,"z":5.216846466064453},"rotation":{"x":0.13785243034362794,"y":-0.14445483684539796,"z":0.020327463746070863,"w":0.9796521663665772},"size":1.9946184158325196,"orthographic":false}