{"cameraMode":{"drawMode":0,"name":"Shaded","section":"Shading Mode"},"sceneLighting":false,"audioPlay":false,"sceneViewState":{"m_AlwaysRefresh":false,"showFog":true,"showSkybox":true,"showFlares":true,"showImageEffects":true,"showParticleSystems":true,"showVisualEffectGraphs":true,"m_FxEnabled":true},"in2DMode":false,"pivot":{"x":-0.017240796238183976,"y":0.11206982284784317,"z":-0.11403723806142807},"rotation":{"x":-0.0026415360625833275,"y":-0.9945257902145386,"z":0.10120153427124024,"w":-0.02597111091017723},"size":0.19561555981636048,"orthographic":true}